metric,mean,ci95_lower,ci95_upper,n
avgQ,8.84853,7.93869,9.75836,10
util,0.900493,0.894562,0.906424,10
avgDelay,10.8957,9.75852,12.0329,10
