metric,mean,ci95_lower,ci95_upper,n
avgQ,8.94152,7.92489,9.95816,10
util,0.901517,0.895356,0.907678,10
avgDelay,11.0062,9.72529,12.287,10
